4238c4e81ecd0dc94bd7dfbb60f7e2cc824107c1ffe0387b8607b72833dba350	243	parakeet-tdt-0.6b-v3/Decoder.mlmodelc/analytics/coremldata.bin
18647af085d87bd8f3121c8a9b4d4564c1ede038dab63d295b4e745cf2d7fb99	554	parakeet-tdt-0.6b-v3/Decoder.mlmodelc/coremldata.bin
a39e93cd8371b8ded92635c7804fcd0590f0d1dd9415c6d19a0484be073077d9	3427	parakeet-tdt-0.6b-v3/Decoder.mlmodelc/metadata.json
ef2a0a281695398a62fde86ac269c68f73d5b578d7ed3b31f2ba91a2d1ea1f35	13110	parakeet-tdt-0.6b-v3/Decoder.mlmodelc/model.mil
48adf0f0d47c406c8253d4f7fef967436a39da14f5a65e66d5a4b407be355d41	23604992	parakeet-tdt-0.6b-v3/Decoder.mlmodelc/weights/weight.bin
42e638870d73f26b332918a3496ce36793fbb413a81cbd3d16ba01328637a105	243	parakeet-tdt-0.6b-v3/Encoder.mlmodelc/analytics/coremldata.bin
d48034a167a82e88fc3df64f60af963ab3983538271175b8319e7d5720a0fb86	485	parakeet-tdt-0.6b-v3/Encoder.mlmodelc/coremldata.bin
da24da9cca943fb29d7fa8e376d57fca7cb3aa08ca51b956b0b0e56813f087e9	2921	parakeet-tdt-0.6b-v3/Encoder.mlmodelc/metadata.json
ed7b19156ca29fa7dfd6891deb9fda4b0e8893f68597c985d135736546a43808	959769	parakeet-tdt-0.6b-v3/Encoder.mlmodelc/model.mil
e2020f323703477a5b21d7c2d282c403e371afb5962e79877e3033e73ba6f421	445187200	parakeet-tdt-0.6b-v3/Encoder.mlmodelc/weights/weight.bin
26def4bf73dd56d29dee21c8ef97cb8969e62f6120ed1adc91e46828e2737b6c	243	parakeet-tdt-0.6b-v3/JointDecisionv3.mlmodelc/analytics/coremldata.bin
f5fc08b741400f0088492c9e839418b1e18522f19cba28d361dd030c5f398342	521	parakeet-tdt-0.6b-v3/JointDecisionv3.mlmodelc/coremldata.bin
d9307211b9a37e0f0ac260c7660b1571a3de25841035cfdf9b58fd40425f890f	3453	parakeet-tdt-0.6b-v3/JointDecisionv3.mlmodelc/metadata.json
be60732943389a047175111a83f8839f3eb39d4803adafa828a0871b2f39818d	11775	parakeet-tdt-0.6b-v3/JointDecisionv3.mlmodelc/model.mil
4e0e63d840032f7f07ddb1d64446051166281e5491bf22da8a945c41f6eedb3e	12642764	parakeet-tdt-0.6b-v3/JointDecisionv3.mlmodelc/weights/weight.bin
7ec60e05f1b24480736ec0eed40900f4626bce1fa9a60fd700ec7e2a59198735	151122	parakeet-tdt-0.6b-v3/parakeet_vocab.json
c9beeb989c8d66f8be11df59bc6df277ec76cee404f6865b46243835ef562f6d	243	parakeet-tdt-0.6b-v3/Preprocessor.mlmodelc/analytics/coremldata.bin
dbde3f2300842c1fd51ef3ff948a0bcffe65ffd2dca10707f2509f32c1d65b1d	486	parakeet-tdt-0.6b-v3/Preprocessor.mlmodelc/coremldata.bin
2a98699e22d279dd37fa1d238aeb1c6db1df0d6fad687775324157689d8f3acf	2841	parakeet-tdt-0.6b-v3/Preprocessor.mlmodelc/metadata.json
4b8518a956450fec57f06c2a21bdffc26973f7f1fa6842fb38fe917f896b6b93	28181	parakeet-tdt-0.6b-v3/Preprocessor.mlmodelc/model.mil
129b76e3aeafa8afa3ea76d995b964b145fe83700d579f6ff42c4c38fa0968ea	491072	parakeet-tdt-0.6b-v3/Preprocessor.mlmodelc/weights/weight.bin
9ae70f6559989f88b856b326e59315798f9f0d08207a19fcc2dd3287a30088a5	243	parakeet-unified-en-0.6b/parakeet_unified_decoder.mlmodelc/analytics/coremldata.bin
ce99c4488840fc463d59f8d4d6d2a9e8ceae8138ead51e3c265dde4d2ba4a0e9	560	parakeet-unified-en-0.6b/parakeet_unified_decoder.mlmodelc/coremldata.bin
6e60965b89c93943aa2be2d991c2461108145851fde05e1d048223a32d4cb20d	13102	parakeet-unified-en-0.6b/parakeet_unified_decoder.mlmodelc/model.mil
96f990461a5986d5e7309ad1a0f36084fbf0f4b28aec35948f8b8d0dcbf8599e	14429952	parakeet-unified-en-0.6b/parakeet_unified_decoder.mlmodelc/weights/weight.bin
57e116a9d5765e39c0cdf754137ab744ddae34d9c6d68a5fdcad6600ae3a7b6b	243	parakeet-unified-en-0.6b/parakeet_unified_encoder_int8.mlmodelc/analytics/coremldata.bin
54f533d30343d5e62b324a0691e4c262a6768b07b6e88e7aa14c617a2baba8a3	492	parakeet-unified-en-0.6b/parakeet_unified_encoder_int8.mlmodelc/coremldata.bin
c1c5d71c6cbf4d35bba08458746bde3640da7b1b444e1229a269393a58222c10	1110902	parakeet-unified-en-0.6b/parakeet_unified_encoder_int8.mlmodelc/model.mil
f984b81590a4deae041ae20fbab8981c2d2a5b528b2ac81fae81c432633535c6	595051904	parakeet-unified-en-0.6b/parakeet_unified_encoder_int8.mlmodelc/weights/weight.bin
163877ad14af97ec4107cd854fd1c6d336ee5d40ad25a657cc764fb763f452f5	243	parakeet-unified-en-0.6b/parakeet_unified_joint_decision_single_step.mlmodelc/analytics/coremldata.bin
68a081570a48b52ec9379e153bd56748a5408a50be16767601563f231eaeff03	556	parakeet-unified-en-0.6b/parakeet_unified_joint_decision_single_step.mlmodelc/coremldata.bin
03c21096090bcd0b71c896c5ae0eb815db31a91c6676f572a7868eee4299abe3	9611	parakeet-unified-en-0.6b/parakeet_unified_joint_decision_single_step.mlmodelc/model.mil
06831afa6d1beb0c0b10350ebf7886bc37638e951d14e738d7e06fbd2a05012f	3446978	parakeet-unified-en-0.6b/parakeet_unified_joint_decision_single_step.mlmodelc/weights/weight.bin
e1a7bff4f5df133c0f4ad47b8e43c96f6bf1865d99126a4c4725ef51d0108bec	15088	parakeet-unified-en-0.6b/vocab.json
8067594eb3126ab8318af507f0c00cabfed40d5fedb8a0ee5075dd02e903d909	243	silero-vad/silero-vad-unified-256ms-v6.2.1.mlmodelc/analytics/coremldata.bin
7db35a4fd995222a7fb0129713473b15d1462572ab4a2e5e4d56bcaad9e40f41	625	silero-vad/silero-vad-unified-256ms-v6.2.1.mlmodelc/coremldata.bin
2740be542c611e1ba358e1849b4e265c65cdf0b17192767e1e5de86a31ac94d6	3335	silero-vad/silero-vad-unified-256ms-v6.2.1.mlmodelc/metadata.json
c6a9d1bf22d413265da0a07a1d14151c3ea2fad296b3aa5859275b33ef1c3270	176918	silero-vad/silero-vad-unified-256ms-v6.2.1.mlmodelc/model.mil
53ecc8b5081146140ab654c89109cf001f2183abddd7a2411c5081feeffff063	882304	silero-vad/silero-vad-unified-256ms-v6.2.1.mlmodelc/weights/weight.bin
